{"ctxid":1,"pos":[-889.974976,-933.901855,924.999939],"rotationMatrix":[0.602957249,-0.797773361,0,0.797773361,0.602957249,0,0,0,0.999999881],"scale":1,"type":"palm_medium"}
{"ctxid":1,"pos":[-912.506897,-907.336487,925.288391],"rotationMatrix":[0.6112535,-0.791434705,0,0.791434705,0.6112535,0,0,0,0.999999881],"scale":1,"type":"palm_medium"}
{"ctxid":1,"pos":[-885.283936,-931.496521,924.999939],"rotationMatrix":[-0.877733588,-0.479148805,0,0.479148805,-0.877733588,0,0,0,0.999999881],"scale":1,"type":"palm_medium"}
{"ctxid":1,"pos":[-886.130249,-915.665955,924.999939],"rotationMatrix":[-0.994565189,-0.104115427,0,0.104115427,-0.994565189,0,0,0,0.999999881],"scale":1,"type":"palm_medium"}
{"ctxid":1,"pos":[-901.641052,-924.900879,924.999939],"rotationMatrix":[-0.932424545,-0.361364692,0,0.361364692,-0.932424545,0,0,0,0.999999881],"scale":1,"type":"palm_medium"}
{"ctxid":1,"pos":[-847.267639,-872.078674,924.999878],"rotationMatrix":[-0.0718910694,-0.997412384,0,0.997412384,-0.0718910694,0,0,0,0.999999881],"scale":1,"type":"palm_medium"}
{"ctxid":1,"pos":[-843.413147,-888.764587,925],"rotationMatrix":[0.595614254,-0.803270519,0,0.803270519,0.595614254,0,0,0,0.999999881],"scale":1,"type":"palm_medium"}
{"ctxid":1,"pos":[-843.858582,-895.734253,924.999878],"rotationMatrix":[0.893353224,0.449355036,0,-0.449355036,0.893353224,0,0,0,0.999999881],"scale":1,"type":"palm_medium"}
{"ctxid":1,"pos":[-863.235107,-876.630127,924.999878],"rotationMatrix":[-0.109827094,-0.993950665,0,0.993950665,-0.109827094,0,0,0,0.999999881],"scale":1,"type":"palm_medium"}
{"ctxid":1,"pos":[-860.153503,-884.781921,924.999878],"rotationMatrix":[0.67518419,0.737649143,0,-0.737649143,0.67518419,0,0,0,0.999999881],"scale":1,"type":"palm_medium"}
{"ctxid":1,"pos":[-835.850342,-848.256165,925.06189],"rotationMatrix":[-0.335888296,0.941901684,0,-0.941901684,-0.335888296,0,0,0,0.999999881],"scale":1,"type":"palm_medium"}
{"ctxid":1,"pos":[-836.788574,-857.469849,924.999878],"rotationMatrix":[0.0712512136,0.997458339,0,-0.997458339,0.0712512136,0,0,0,0.999999881],"scale":1,"type":"palm_medium"}
{"ctxid":1,"pos":[-811.053223,-842.506958,925.032043],"rotationMatrix":[0.393139303,-0.919478893,0,0.919478893,0.393139303,0,0,0,0.999999881],"scale":1,"type":"palm_medium"}
{"ctxid":1,"pos":[-809.623413,-852.465332,925.004517],"rotationMatrix":[0.379525006,-0.925181329,0,0.925181329,0.379525006,0,0,0,0.999999881],"scale":1,"type":"palm_medium"}
{"ctxid":1,"pos":[-820.474243,-861.690674,925],"rotationMatrix":[0.860489428,0.509468198,0,-0.509468198,0.860489428,0,0,0,0.999999881],"scale":1,"type":"palm_medium"}
{"ctxid":1,"pos":[-762.432739,-829.230286,926.350952],"rotationMatrix":[0.566722393,-0.823908687,0,0.823908687,0.566722393,0,0,0,0.999999881],"scale":1,"type":"palm_medium"}
{"ctxid":1,"pos":[-765.816956,-827.648438,926.279846],"rotationMatrix":[0.537191391,-0.843460262,0,0.843460262,0.537191391,0,0,0,0.999999881],"scale":1,"type":"palm_medium"}
{"ctxid":1,"pos":[-750.506104,-818.169006,927.604736],"rotationMatrix":[0.384041935,0.923315704,0,-0.923315704,0.384041935,0,0,0,0.999999881],"scale":1,"type":"palm_medium"}
{"ctxid":1,"pos":[-761.441528,-809.872314,926.321533],"rotationMatrix":[0.847346127,0.531040907,0,-0.531040907,0.847346127,0,0,0,0.999999881],"scale":1,"type":"palm_medium"}
{"ctxid":1,"pos":[-687.525146,-772.490601,929.060425],"rotationMatrix":[-0.917680681,0.397318751,0,-0.397318751,-0.917680681,0,0,0,0.999999881],"scale":1,"type":"palm_medium"}
{"ctxid":1,"pos":[-713.369751,-795.156433,928.422607],"rotationMatrix":[-0.0723904222,0.997376263,0,-0.997376263,-0.0723904222,0,0,0,0.999999881],"scale":1,"type":"palm_medium"}
{"ctxid":1,"pos":[-659.475037,-745.227051,930.999512],"rotationMatrix":[-0.95157361,0.30742088,0,-0.30742088,-0.95157361,0,0,0,0.999999881],"scale":1,"type":"palm_medium"}
{"ctxid":1,"pos":[-527.073547,-594.89386,931.604004],"rotationMatrix":[-0.75496453,-0.655765414,0,0.655765414,-0.75496453,0,0,0,0.999999881],"scale":1,"type":"palm_medium"}
{"ctxid":1,"pos":[-528.704224,-599.506958,931.46991],"rotationMatrix":[0.652949095,0.757401764,0,-0.757401764,0.652949095,0,0,0,0.999999881],"scale":1,"type":"palm_medium"}
{"ctxid":1,"pos":[849.815369,-752.62915,958.852966],"rotationMatrix":[0.992299855,-0.123857975,0,0.123857975,0.992299855,0,0,0,0.999999881],"scale":1.16933548,"type":"palm_medium"}
{"ctxid":1,"pos":[850.861572,-769.557861,960.192627],"rotationMatrix":[-0.65410918,-0.756399989,0,0.756399989,-0.65410918,0,0,0,0.999999881],"scale":0.868828177,"type":"palm_medium"}
{"ctxid":1,"pos":[862.484131,-766.023682,959.984192],"rotationMatrix":[0.9904055,0.138191313,0,-0.138191313,0.9904055,0,0,0,0.999999881],"scale":0.95854342,"type":"palm_medium"}
{"ctxid":1,"pos":[860.698059,-747.641968,958.831299],"rotationMatrix":[0.92750591,-0.373808324,0,0.373808324,0.92750591,0,0,0,0.999999881],"scale":0.815253198,"type":"palm_medium"}
{"ctxid":1,"pos":[861.395386,-736.955627,958.467224],"rotationMatrix":[-0.797715843,-0.603033543,0,0.603033543,-0.797715843,0,0,0,0.999999881],"scale":0.856702805,"type":"palm_medium"}
{"ctxid":1,"pos":[852.192078,-744.542603,958.549561],"rotationMatrix":[-0.825250506,-0.564766824,0,0.564766824,-0.825250506,0,0,0,0.999999881],"scale":1.03541863,"type":"palm_medium"}
{"ctxid":1,"pos":[853.132202,-753.321411,958.969055],"rotationMatrix":[-0.638990402,-0.769214511,0,0.769214511,-0.638990402,0,0,0,0.999999881],"scale":1.17083645,"type":"palm_medium"}
{"ctxid":1,"pos":[843.984924,-769.223511,960.103821],"rotationMatrix":[-0.994734704,-0.102482222,0,0.102482222,-0.994734704,0,0,0,0.999999881],"scale":0.801295221,"type":"palm_medium"}
{"ctxid":1,"pos":[856.135254,-750.441284,958.878052],"rotationMatrix":[-0.989644825,0.143537432,0,-0.143537432,-0.989644825,0,0,0,0.999999881],"scale":0.810718417,"type":"palm_medium"}
{"ctxid":1,"pos":[860.874268,-721.777161,957.924805],"rotationMatrix":[0.134409696,-0.990925789,0,0.990925789,0.134409696,0,0,0,0.999999881],"scale":1.14029753,"type":"palm_medium"}
{"ctxid":1,"pos":[861.023682,-730.763855,958.267212],"rotationMatrix":[0.727430284,0.686181545,0,-0.686181545,0.727430284,0,0,0,0.999999881],"scale":0.826497138,"type":"palm_medium"}
{"ctxid":1,"pos":[849.176453,-600.249268,956.561951],"rotationMatrix":[0.982597113,0.185749069,0,-0.185749069,0.982597113,0,0,0,0.999999881],"scale":0.969334126,"type":"palm_medium"}
{"ctxid":1,"pos":[857.714355,-600.136475,956.855408],"rotationMatrix":[-0.750453472,-0.660923302,0,0.660923302,-0.750453472,0,0,0,0.999999881],"scale":0.88475585,"type":"palm_medium"}
{"ctxid":1,"pos":[852.763428,-614.175049,956.5672],"rotationMatrix":[-0.456104606,0.889926016,0,-0.889926016,-0.456104606,0,0,0,0.999999881],"scale":0.980939865,"type":"palm_medium"}
{"ctxid":1,"pos":[858.228455,-642.357605,956.595825],"rotationMatrix":[0.62874198,-0.777613878,0,0.777613878,0.62874198,0,0,0,0.999999881],"scale":1.16256714,"type":"palm_medium"}
{"ctxid":1,"pos":[856.027161,-647.320007,956.66333],"rotationMatrix":[-0.770298064,-0.637683809,0,0.637683809,-0.770298064,0,0,0,0.999999881],"scale":1.2606256,"type":"palm_medium"}
{"ctxid":1,"pos":[866.601501,-642.641357,956.509888],"rotationMatrix":[-0.582336962,-0.812947512,0,0.812947512,-0.582336962,0,0,0,0.999999881],"scale":1.28809154,"type":"palm_medium"}
{"ctxid":1,"pos":[501.520508,24.681036,959.170959],"rotationMatrix":[-0.828950822,0.559321165,0,-0.559321165,-0.828950822,0,0,0,0.999999881],"scale":0.910644412,"type":"palm_medium"}
{"ctxid":1,"pos":[463.437378,-7.71120548,958.096191],"rotationMatrix":[0.84741956,-0.530923545,0,0.530923545,0.84741956,0,0,0,0.999999881],"scale":1.15477216,"type":"palm_medium"}
{"ctxid":1,"pos":[426.283203,-38.1720238,957.37793],"rotationMatrix":[0.98952657,0.144350201,0,-0.144350201,0.98952657,0,0,0,0.999999881],"scale":0.975398302,"type":"palm_medium"}
