{"ctxid":1,"pos":[-978.341492,-845.338257,932.44873],"rotationMatrix":[-0.851708353,-0.524016142,0,0.524016142,-0.851708353,0,0,0,0.999999881],"scale":1,"type":"palm_tiny"}
{"ctxid":1,"pos":[850.331055,-709.151001,957.288208],"rotationMatrix":[0.447946519,0.894060373,0,-0.894060373,0.447946519,0,0,0,0.999999881],"scale":0.975563765,"type":"palm_tiny"}
{"ctxid":1,"pos":[856.082947,-722.197998,958.020447],"rotationMatrix":[-0.462707967,0.886510611,0,-0.886510611,-0.462707967,0,0,0,0.999999881],"scale":1.45163941,"type":"palm_tiny"}
{"ctxid":1,"pos":[849.619934,-746.53186,958.555298],"rotationMatrix":[0.232485697,-0.972599685,0,0.972599685,0.232485697,0,0,0,0.999999881],"scale":1.02938879,"type":"palm_tiny"}
{"ctxid":1,"pos":[852.089233,-779.978271,961.060486],"rotationMatrix":[-0.421268791,-0.906935811,0,0.906935811,-0.421268791,0,0,0,0.999999881],"scale":0.800200105,"type":"palm_tiny"}
{"ctxid":1,"pos":[860.036682,-733.369873,958.349243],"rotationMatrix":[-0.65549022,0.755203545,0,-0.755203545,-0.65549022,0,0,0,0.999999881],"scale":1.11017048,"type":"palm_tiny"}
{"ctxid":1,"pos":[337.582184,-131.813492,954.722412],"rotationMatrix":[-0.923256338,0.384184271,0,-0.384184271,-0.923256338,0,0,0,0.999999881],"scale":1.28286028,"type":"palm_tiny"}
{"ctxid":1,"pos":[338.06073,-129.00528,954.852783],"rotationMatrix":[-0.48830834,-0.872671008,0,0.872671008,-0.48830834,0,0,0,0.999999881],"scale":1.43301308,"type":"palm_tiny"}
{"ctxid":1,"pos":[325.473328,-144.990799,954.2146],"rotationMatrix":[0.567743599,-0.823205352,0,0.823205352,0.567743599,0,0,0,0.999999881],"scale":1.48242927,"type":"palm_tiny"}
{"ctxid":1,"pos":[329.16803,-137.444061,954.520752],"rotationMatrix":[-0.280454636,-0.959867239,0,0.959867239,-0.280454636,0,0,0,0.999999881],"scale":1.18285382,"type":"palm_tiny"}
{"ctxid":1,"pos":[334.839996,-132.496445,954.706787],"rotationMatrix":[0.887692392,0.460436881,0,-0.460436881,0.887692392,0,0,0,0.999999881],"scale":1.27246654,"type":"palm_tiny"}
{"ctxid":1,"pos":[329.120758,-120.96376,955.324585],"rotationMatrix":[0.909491956,-0.415721267,0,0.415721267,0.909491956,0,0,0,0.999999881],"scale":0.802226245,"type":"palm_tiny"}
{"ctxid":1,"pos":[317.310608,-130.796402,955.009277],"rotationMatrix":[0.422832221,0.906207979,0,-0.906207979,0.422832221,0,0,0,0.999999881],"scale":1.14632869,"type":"palm_tiny"}
{"ctxid":1,"pos":[320.823242,-126.777916,955.177429],"rotationMatrix":[-0.793011427,0.609206498,0,-0.609206498,-0.793011427,0,0,0,0.999999881],"scale":0.947885752,"type":"palm_tiny"}
