{"ctxid":1,"pos":[-715.657715,-866.841125,941.084656],"rotationMatrix":[0.504438818,-0.863447249,0,0.863447249,0.504438818,0,0,0,0.999999881],"scale":1,"type":"palm_tall"}
{"ctxid":1,"pos":[-721.010864,-861.742371,939.898682],"rotationMatrix":[0.32914263,0.944280207,0,-0.944280207,0.32914263,0,0,0,0.999999881],"scale":1,"type":"palm_tall"}
{"ctxid":1,"pos":[845.360535,-812.963318,962.19574],"rotationMatrix":[0.569066882,0.822291195,0,-0.822291195,0.569066882,0,0,0,0.999999881],"scale":0.913284898,"type":"palm_tall"}
{"ctxid":1,"pos":[847.727051,-821.43634,962.496216],"rotationMatrix":[-0.0261008553,-0.999659181,0,0.999659181,-0.0261008553,0,0,0,0.999999881],"scale":0.869100451,"type":"palm_tall"}
{"ctxid":1,"pos":[846.799622,-835.784241,963.702576],"rotationMatrix":[0.589067876,0.808083534,0,-0.808083534,0.589067876,0,0,0,0.999999881],"scale":0.81573391,"type":"palm_tall"}
{"ctxid":1,"pos":[851.870239,-852.253906,964.251221],"rotationMatrix":[-0.970947325,-0.239292979,0,0.239292979,-0.970947325,0,0,0,0.999999881],"scale":0.772237301,"type":"palm_tall"}
{"ctxid":1,"pos":[852.999939,-870.259094,965.606445],"rotationMatrix":[-0.486258447,0.873814881,0,-0.873814881,-0.486258447,0,0,0,0.999999881],"scale":0.97412014,"type":"palm_tall"}
{"ctxid":1,"pos":[853.73938,-892.707825,967.38501],"rotationMatrix":[0.999929845,0.0118384603,0,-0.0118384603,0.999929845,0,0,0,0.999999881],"scale":0.915925264,"type":"palm_tall"}
{"ctxid":1,"pos":[858.195984,-922.383423,969.201233],"rotationMatrix":[-0.396668166,0.917961895,0,-0.917961895,-0.396668166,0,0,0,0.999999881],"scale":0.89575851,"type":"palm_tall"}
{"ctxid":1,"pos":[866.445374,-954.641479,970.785278],"rotationMatrix":[-0.342034698,-0.939687192,0,0.939687192,-0.342034698,0,0,0,0.999999881],"scale":0.844904006,"type":"palm_tall"}
{"ctxid":1,"pos":[867.470276,-980.532898,972.972229],"rotationMatrix":[-0.427115053,-0.904197156,0,0.904197156,-0.427115053,0,0,0,0.999999881],"scale":0.874049306,"type":"palm_tall"}
{"ctxid":1,"pos":[869.731079,-1015.52966,975.837769],"rotationMatrix":[-0.175728336,0.984438598,0,-0.984438598,-0.175728336,0,0,0,0.999999881],"scale":0.978385627,"type":"palm_tall"}
{"ctxid":1,"pos":[895.417297,-1001.40442,975.494263],"rotationMatrix":[-0.664540589,0.747252047,0,-0.747252047,-0.664540589,0,0,0,0.999999881],"scale":0.985462189,"type":"palm_tall"}
{"ctxid":1,"pos":[890.30426,-959.219116,972.219055],"rotationMatrix":[-0.0526130944,0.998614848,0,-0.998614848,-0.0526130944,0,0,0,0.999999881],"scale":0.784565926,"type":"palm_tall"}
{"ctxid":1,"pos":[886.265808,-941.533264,970.507202],"rotationMatrix":[0.556413949,-0.830905199,0,0.830905199,0.556413949,0,0,0,0.999999881],"scale":0.705211699,"type":"palm_tall"}
{"ctxid":1,"pos":[884.223206,-923.915039,969.247253],"rotationMatrix":[0.417551339,-0.908653259,0,0.908653259,0.417551339,0,0,0,0.999999881],"scale":0.868591309,"type":"palm_tall"}
{"ctxid":1,"pos":[883.709229,-910.3526,968.455566],"rotationMatrix":[-0.910387516,-0.413756728,0,0.413756728,-0.910387516,0,0,0,0.999999881],"scale":0.978169024,"type":"palm_tall"}
{"ctxid":1,"pos":[883.520874,-890.815002,967.500427],"rotationMatrix":[-0.997175097,-0.0751108229,0,0.0751108229,-0.997175097,0,0,0,0.999999881],"scale":0.70596981,"type":"palm_tall"}
{"ctxid":1,"pos":[881.228699,-881.644836,966.754456],"rotationMatrix":[-0.817569196,-0.57583034,0,0.57583034,-0.817569196,0,0,0,0.999999881],"scale":0.929847717,"type":"palm_tall"}
{"ctxid":1,"pos":[877.970398,-866.317871,965.601074],"rotationMatrix":[-0.373768181,0.927522004,0,-0.927522004,-0.373768181,0,0,0,0.999999881],"scale":0.947690248,"type":"palm_tall"}
{"ctxid":1,"pos":[875.534607,-856.872437,964.857544],"rotationMatrix":[-0.999907792,-0.0135688502,0,0.0135688502,-0.999907792,0,0,0,0.999999881],"scale":0.933524132,"type":"palm_tall"}
{"ctxid":1,"pos":[876.575867,-848.301636,964.748047],"rotationMatrix":[0.913045764,0.407857001,0,-0.407857001,0.913045764,0,0,0,0.999999881],"scale":0.733810127,"type":"palm_tall"}
{"ctxid":1,"pos":[874.094482,-837.6521,963.938965],"rotationMatrix":[-0.551064074,0.834462702,0,-0.834462702,-0.551064074,0,0,0,0.999999881],"scale":0.710470796,"type":"palm_tall"}
{"ctxid":1,"pos":[873.079834,-827.659546,963.451111],"rotationMatrix":[-0.63538599,0.772194445,0,-0.772194445,-0.63538599,0,0,0,0.999999881],"scale":0.848616123,"type":"palm_tall"}
{"ctxid":1,"pos":[872.513977,-818.722534,963.138672],"rotationMatrix":[0.618370116,-0.785886884,0,0.785886884,0.618370116,0,0,0,0.999999881],"scale":0.947863519,"type":"palm_tall"}
{"ctxid":1,"pos":[872.639893,-811.63446,962.824219],"rotationMatrix":[0.505007327,0.863115072,0,-0.863115072,0.505007327,0,0,0,0.999999881],"scale":0.912872076,"type":"palm_tall"}
{"ctxid":1,"pos":[871.868347,-808.678467,962.59137],"rotationMatrix":[0.849924505,0.526904464,0,-0.526904464,0.849924505,0,0,0,0.999999881],"scale":0.792795777,"type":"palm_tall"}
