{"ctxid":1,"pos":[-948.77533,-814.049561,933.459595],"rotationMatrix":[0.946098745,-0.32387808,0,0.32387808,0.946098745,0,0,0,0.999999881],"scale":1,"type":"palm_small"}
{"ctxid":1,"pos":[-968.512512,-833.564392,932.888428],"rotationMatrix":[0.299107611,-0.954219341,0,0.954219341,0.299107611,0,0,0,0.999999881],"scale":1,"type":"palm_small"}
{"ctxid":1,"pos":[-943.482971,-808.760437,933.783997],"rotationMatrix":[-0.627451777,-0.778655231,0,0.778655231,-0.627451777,0,0,0,0.999999881],"scale":1,"type":"palm_small"}
{"ctxid":1,"pos":[-903.673828,-904.753174,925.059875],"rotationMatrix":[0.716179192,-0.69791621,0,0.69791621,0.716179192,0,0,0,0.999999881],"scale":1,"type":"palm_small"}
{"ctxid":1,"pos":[-890.366455,-928.424072,924.999939],"rotationMatrix":[0.160665348,0.98700887,0,-0.98700887,0.160665348,0,0,0,0.999999881],"scale":1,"type":"palm_small"}
{"ctxid":1,"pos":[-886.878662,-908.449646,924.999939],"rotationMatrix":[0.972580016,0.232568383,0,-0.232568383,0.972580016,0,0,0,0.999999881],"scale":1,"type":"palm_small"}
{"ctxid":1,"pos":[-897.203552,-919.562195,924.999939],"rotationMatrix":[0.795307815,0.606205761,0,-0.606205761,0.795307815,0,0,0,0.999999881],"scale":1,"type":"palm_small"}
{"ctxid":1,"pos":[-905.127014,-929.242859,924.999939],"rotationMatrix":[0.347314626,-0.937748611,0,0.937748611,0.347314626,0,0,0,0.999999881],"scale":1,"type":"palm_small"}
{"ctxid":1,"pos":[-856.190674,-871.416504,924.999878],"rotationMatrix":[-0.225309238,-0.974287212,0,0.974287212,-0.225309238,0,0,0,0.999999881],"scale":1,"type":"palm_small"}
{"ctxid":1,"pos":[-876.427734,-875.431519,925.249878],"rotationMatrix":[-0.873054445,-0.487622738,0,0.487622738,-0.873054445,0,0,0,0.999999881],"scale":1,"type":"palm_small"}
{"ctxid":1,"pos":[-866.979004,-870.341492,925.24762],"rotationMatrix":[-0.999996603,-0.00258412841,0,0.00258412841,-0.999996603,0,0,0,0.999999881],"scale":1,"type":"palm_small"}
{"ctxid":1,"pos":[-846.733521,-884.328308,924.999878],"rotationMatrix":[0.920586407,0.390538782,0,-0.390538782,0.920586407,0,0,0,0.999999881],"scale":1,"type":"palm_small"}
{"ctxid":1,"pos":[-865.676147,-893.660156,924.999878],"rotationMatrix":[0.724062264,0.689734578,0,-0.689734578,0.724062264,0,0,0,0.999999881],"scale":1,"type":"palm_small"}
{"ctxid":1,"pos":[-843.651917,-850.069458,925.115601],"rotationMatrix":[-0.686910331,-0.726742029,0,0.726742029,-0.686910331,0,0,0,0.999999881],"scale":1,"type":"palm_small"}
{"ctxid":1,"pos":[-839.683167,-866.835205,924.999878],"rotationMatrix":[-0.969163477,-0.246418491,0,0.246418491,-0.969163477,0,0,0,0.999999881],"scale":1,"type":"palm_small"}
{"ctxid":1,"pos":[-842.020386,-868.605347,924.999878],"rotationMatrix":[0.73468101,0.678412735,0,-0.678412735,0.73468101,0,0,0,0.999999881],"scale":1,"type":"palm_small"}
{"ctxid":1,"pos":[-832.174988,-876.477722,925],"rotationMatrix":[0.685731828,0.727854311,0,-0.727854311,0.685731828,0,0,0,0.999999881],"scale":1,"type":"palm_small"}
{"ctxid":1,"pos":[-829.944763,-873.79834,925],"rotationMatrix":[0.987945259,0.154803172,0,-0.154803172,0.987945259,0,0,0,0.999999881],"scale":1,"type":"palm_small"}
{"ctxid":1,"pos":[-800.35199,-853.774231,925.042542],"rotationMatrix":[0.56978184,0.821796,0,-0.821796,0.56978184,0,0,0,0.999999881],"scale":1,"type":"palm_small"}
{"ctxid":1,"pos":[-805.375061,-835.937866,925.125854],"rotationMatrix":[-0.991519272,-0.129958972,0,0.129958972,-0.991519272,0,0,0,0.999999881],"scale":1,"type":"palm_small"}
{"ctxid":1,"pos":[-820.366272,-834.13562,924.984619],"rotationMatrix":[-0.650428355,-0.75956744,0,0.75956744,-0.650428355,0,0,0,0.999999881],"scale":1,"type":"palm_small"}
{"ctxid":1,"pos":[-819.72467,-850.135742,925],"rotationMatrix":[-0.573277295,-0.819361269,0,0.819361269,-0.573277295,0,0,0,0.999999881],"scale":1,"type":"palm_small"}
{"ctxid":1,"pos":[-813.261536,-823.94812,924.473145],"rotationMatrix":[-0.93691659,0.3495529,0,-0.3495529,-0.93691659,0,0,0,0.999999881],"scale":1,"type":"palm_small"}
{"ctxid":1,"pos":[-773.831421,-822.78479,926.133301],"rotationMatrix":[0.072380282,-0.997377038,0,0.997377038,0.072380282,0,0,0,0.999999881],"scale":1,"type":"palm_small"}
{"ctxid":1,"pos":[-755.888611,-818.091492,926.821899],"rotationMatrix":[0.16558437,0.986195564,0,-0.986195564,0.16558437,0,0,0,0.999999881],"scale":1,"type":"palm_small"}
{"ctxid":1,"pos":[-755.96521,-825.866089,926.61731],"rotationMatrix":[0.23594074,0.971767485,0,-0.971767485,0.23594074,0,0,0,0.999999881],"scale":1,"type":"palm_small"}
{"ctxid":1,"pos":[-783.501221,-822.620239,925.834412],"rotationMatrix":[-0.520373821,0.853938401,0,-0.853938401,-0.520373821,0,0,0,0.999999881],"scale":1,"type":"palm_small"}
{"ctxid":1,"pos":[-760.65863,-827.643982,926.441223],"rotationMatrix":[0.14977926,0.988719404,0,-0.988719404,0.14977926,0,0,0,0.999999881],"scale":1,"type":"palm_small"}
{"ctxid":1,"pos":[-741.755737,-795.738525,927.243042],"rotationMatrix":[0.976382256,-0.216049805,0,0.216049805,0.976382256,0,0,0,0.999999881],"scale":1,"type":"palm_small"}
{"ctxid":1,"pos":[-731.636597,-803.043213,927.597534],"rotationMatrix":[0.420790702,0.907157779,0,-0.907157779,0.420790702,0,0,0,0.999999881],"scale":1,"type":"palm_small"}
{"ctxid":1,"pos":[-737.90387,-817.067627,929.376465],"rotationMatrix":[-0.243654072,0.969862103,0,-0.969862103,-0.243654072,0,0,0,0.999999881],"scale":1,"type":"palm_small"}
{"ctxid":1,"pos":[-696.971497,-815.710449,933.803223],"rotationMatrix":[-0.977608263,0.210432529,0,-0.210432529,-0.977608263,0,0,0,0.999999881],"scale":1,"type":"palm_small"}
{"ctxid":1,"pos":[-719.683472,-800.784424,928.39917],"rotationMatrix":[0.999393582,0.0348171555,0,-0.0348171555,0.999393582,0,0,0,0.999999881],"scale":1,"type":"palm_small"}
{"ctxid":1,"pos":[-707.347412,-786.506287,928.414368],"rotationMatrix":[-0.130211815,0.991486013,0,-0.991486013,-0.130211815,0,0,0,0.999999881],"scale":1,"type":"palm_small"}
{"ctxid":1,"pos":[-686.988708,-774.584595,929.429504],"rotationMatrix":[0.9076159,-0.419801384,0,0.419801384,0.9076159,0,0,0,0.999999881],"scale":1,"type":"palm_small"}
{"ctxid":1,"pos":[-676.696899,-757.141052,927.900635],"rotationMatrix":[0.943179786,-0.332282484,0,0.332282484,0.943179786,0,0,0,0.999999881],"scale":1,"type":"palm_small"}
{"ctxid":1,"pos":[-651.779541,-739.34375,930.999512],"rotationMatrix":[0.130988911,0.991383791,0,-0.991383791,0.130988911,0,0,0,0.999999881],"scale":1,"type":"palm_small"}
{"ctxid":1,"pos":[-650.382935,-702.92511,930.958618],"rotationMatrix":[-0.884911895,-0.465758413,0,0.465758413,-0.884911895,0,0,0,0.999999881],"scale":1,"type":"palm_small"}
{"ctxid":1,"pos":[-682.370911,-721.843689,929.955566],"rotationMatrix":[0.793275058,-0.608863354,0,0.608863354,0.793275058,0,0,0,0.999999881],"scale":1,"type":"palm_small"}
{"ctxid":1,"pos":[-683.289734,-718.46759,930.526855],"rotationMatrix":[0.988338292,0.152273387,0,-0.152273387,0.988338292,0,0,0,0.999999881],"scale":1,"type":"palm_small"}
{"ctxid":1,"pos":[-643.494751,-731.209961,930.999512],"rotationMatrix":[-0.793478608,0.608598053,0,-0.608598053,-0.793478608,0,0,0,0.999999881],"scale":1,"type":"palm_small"}
{"ctxid":1,"pos":[-662.378906,-748.578979,930.999512],"rotationMatrix":[0.143767804,0.989611387,0,-0.989611387,0.143767804,0,0,0,0.999999881],"scale":1,"type":"palm_small"}
{"ctxid":1,"pos":[-662.297852,-711.297913,930.857727],"rotationMatrix":[-0.679486454,0.733687997,0,-0.733687997,-0.679486454,0,0,0,0.999999881],"scale":1,"type":"palm_small"}
{"ctxid":1,"pos":[-519.957703,-570.168945,931.936829],"rotationMatrix":[-0.667128801,-0.744942367,0,0.744942367,-0.667128801,0,0,0,0.999999881],"scale":1,"type":"palm_small"}
{"ctxid":1,"pos":[-532.036865,-605.150818,931.282593],"rotationMatrix":[-0.499442548,0.866346896,0,-0.866346896,-0.499442548,0,0,0,0.999999881],"scale":1,"type":"palm_small"}
{"ctxid":1,"pos":[-533.795227,-606.407593,931.268494],"rotationMatrix":[0.964968503,0.262365431,0,-0.262365431,0.964968503,0,0,0,0.999999881],"scale":1,"type":"palm_small"}
{"ctxid":1,"pos":[-493.866852,-578.135437,931.810791],