{"ctxid":1,"pos":[-715.657715,-866.841125,941.084656],"rotationMatrix":[0.504438818,-0.863447249,0,0.863447249,0.504438818,0,0,0,0.999999881],"scale":1,"type":"palm_tall"}
{"ctxid":1,"pos":[-721.010864,-861.742371,939.898682],"rotationMatrix":[0.32914263,0.944280207,0,-0.944280207,0.32914263,0,0,0,0.999999881],"scale":1,"type":"palm_tall"}
