{"ctxid":1,"pos":[-978.341492,-845.338257,932.44873],"rotationMatrix":[-0.851708353,-0.524016142,0,0.524016142,-0.851708353,0,0,0,0.999999881],"scale":1,"type":"palm_tiny"}
