{"ctxid":1,"pos":[-889.974976,-933.901855,924.999939],"rotationMatrix":[0.602957249,-0.797773361,0,0.797773361,0.602957249,0,0,0,0.999999881],"scale":1,"type":"palm_medium"}
{"ctxid":1,"pos":[-912.506897,-907.336487,925.288391],"rotationMatrix":[0.6112535,-0.791434705,0,0.791434705,0.6112535,0,0,0,0.999999881],"scale":1,"type":"palm_medium"}
{"ctxid":1,"pos":[-885.283936,-931.496521,924.999939],"rotationMatrix":[-0.877733588,-0.479148805,0,0.479148805,-0.877733588,0,0,0,0.999999881],"scale":1,"type":"palm_medium"}
{"ctxid":1,"pos":[-886.130249,-915.665955,924.999939],"rotationMatrix":[-0.994565189,-0.104115427,0,0.104115427,-0.994565189,0,0,0,0.999999881],"scale":1,"type":"palm_medium"}
{"ctxid":1,"pos":[-901.641052,-924.900879,924.999939],"rotationMatrix":[-0.932424545,-0.361364692,0,0.361364692,-0.932424545,0,0,0,0.999999881],"scale":1,"type":"palm_medium"}
{"ctxid":1,"pos":[-847.267639,-872.078674,924.999878],"rotationMatrix":[-0.0718910694,-0.997412384,0,0.997412384,-0.0718910694,0,0,0,0.999999881],"scale":1,"type":"palm_medium"}
{"ctxid":1,"pos":[-843.413147,-888.764587,925],"rotationMatrix":[0.595614254,-0.803270519,0,0.803270519,0.595614254,0,0,0,0.999999881],"scale":1,"type":"palm_medium"}
{"ctxid":1,"pos":[-843.858582,-895.734253,924.999878],"rotationMatrix":[0.893353224,0.449355036,0,-0.449355036,0.893353224,0,0,0,0.999999881],"scale":1,"type":"palm_medium"}
{"ctxid":1,"pos":[-863.235107,-876.630127,924.999878],"rotationMatrix":[-0.109827094,-0.993950665,0,0.993950665,-0.109827094,0,0,0,0.999999881],"scale":1,"type":"palm_medium"}
{"ctxid":1,"pos":[-860.153503,-884.781921,924.999878],"rotationMatrix":[0.67518419,0.737649143,0,-0.737649143,0.67518419,0,0,0,0.999999881],"scale":1,"type":"palm_medium"}
{"ctxid":1,"pos":[-835.850342,-848.256165,925.06189],"rotationMatrix":[-0.335888296,0.941901684,0,-0.941901684,-0.335888296,0,0,0,0.999999881],"scale":1,"type":"palm_medium"}
{"ctxid":1,"pos":[-836.788574,-857.469849,924.999878],"rotationMatrix":[0.0712512136,0.997458339,0,-0.997458339,0.0712512136,0,0,0,0.999999881],"scale":1,"type":"palm_medium"}
{"ctxid":1,"pos":[-811.053223,-842.506958,925.032043],"rotationMatrix":[0.393139303,-0.919478893,0,0.919478893,0.393139303,0,0,0,0.999999881],"scale":1,"type":"palm_medium"}
{"ctxid":1,"pos":[-809.623413,-852.465332,925.004517],"rotationMatrix":[0.379525006,-0.925181329,0,0.925181329,0.379525006,0,0,0,0.999999881],"scale":1,"type":"palm_medium"}
{"ctxid":1,"pos":[-820.474243,-861.690674,925],"rotationMatrix":[0.860489428,0.509468198,0,-0.509468198,0.860489428,0,0,0,0.999999881],"scale":1,"type":"palm_medium"}
{"ctxid":1,"pos":[-762.432739,-829.230286,926.350952],"rotationMatrix":[0.566722393,-0.823908687,0,0.823908687,0.566722393,0,0,0,0.999999881],"scale":1,"type":"palm_medium"}
{"ctxid":1,"pos":[-765.816956,-827.648438,926.279846],"rotationMatrix":[0.537191391,-0.843460262,0,0.843460262,0.537191391,0,0,0,0.999999881],"scale":1,"type":"palm_medium"}
{"ctxid":1,"pos":[-750.506104,-818.169006,927.604736],"rotationMatrix":[0.384041935,0.923315704,0,-0.923315704,0.384041935,0,0,0,0.999999881],"scale":1,"type":"palm_medium"}
{"ctxid":1,"pos":[-761.441528,-809.872314,926.321533],"rotationMatrix":[0.847346127,0.531040907,0,-0.531040907,0.847346127,0,0,0,0.999999881],"scale":1,"type":"palm_medium"}
{"ctxid":1,"pos":[-687.525146,-772.490601,929.060425],"rotationMatrix":[-0.917680681,0.397318751,0,-0.397318751,-0.917680681,0,0,0,0.999999881],"scale":1,"type":"palm_medium"}
{"ctxid":1,"pos":[-713.369751,-795.156433,928.422607],"rotationMatrix":[-0.0723904222,0.997376263,0,-0.997376263,-0.0723904222,0,0,0,0.999999881],"scale":1,"type":"palm_medium"}
{"ctxid":1,"pos":[-659.475037,-745.227051,930.999512],"rotationMatrix":[-0.95157361,0.30742088,0,-0.30742088,-0.95157361,0,0,0,0.999999881],"scale":1,"type":"palm_medium"}
{"ctxid":1,"pos":[-527.073547,-594.89386,931.604004],"rotationMatrix":[-0.75496453,-0.655765414,0,0.655765414,-0.75496453,0,0,0,0.999999881],"scale":1,"type":"palm_medium"}
{"ctxid":1,"pos":[-528.704224,-599.506958,931.46991],"rotationMatrix":[0.652949095,0.757401764,0,-0.757401764,0.652949095,0,0,0,0.999999881],"scale":1,"type":"palm_medium"}
