{"ctxid":1,"pos":[-522.150269,-580.780579,931.796509],"rotationMatrix":[-0.297831178,0.954618454,0,-0.954618454,-0.297831178,0,0,0,0.999999881],"scale":1,"type":"tro_tree_2_tiny"}
{"ctxid":1,"pos":[-526.089478,-588.804565,931.581421],"rotationMatrix":[0.120068468,-0.992765486,0,0.992765486,0.120068468,0,0,0,0.999999881],"scale":1,"type":"tro_tree_2_tiny"}
{"ctxid":1,"pos":[-293.530182,-627.76001,931.147095],"rotationMatrix":[0.376146257,-0.926560223,0,0.926560223,0.376146257,0,0,0,0.999999881],"scale":1,"type":"tro_tree_2_tiny"}
{"ctxid":1,"pos":[-283.053558,-628.961304,931.261658],"rotationMatrix":[0.253173888,-0.967420757,0,0.967420757,0.253173888,0,0,0,0.999999881],"scale":1,"type":"tro_tree_2_tiny"}
{"ctxid":1,"pos":[-265.03299,-637.432312,931.511353],"rotationMatrix":[-0.512050867,-0.858955085,0,0.858955085,-0.512050867,0,0,0,0.999999881],"scale":1,"type":"tro_tree_2_tiny"}
{"ctxid":1,"pos":[-197.45369,-650.625,931.368042],"rotationMatrix":[0.897095799,0.441835999,0,-0.441835999,0.897095799,0,0,0,0.999999881],"scale":1,"type":"tro_tree_2_tiny"}
{"ctxid":1,"pos":[-275.78302,-633.091919,931.439758],"rotationMatrix":[0.972881079,-0.231305271,0,0.231305271,0.972881079,0,0,0,0.999999881],"scale":1,"type":"tro_tree_2_tiny"}
{"ctxid":1,"pos":[-269.469727,-636.970337,931.565918],"rotationMatrix":[-0.970264018,0.242048547,0,-0.242048547,-0.970264018,0,0,0,0.999999881],"scale":1,"type":"tro_tree_2_tiny"}
{"ctxid":1,"pos":[-255.079987,-638.549133,931.413513],"rotationMatrix":[-0.485191405,-0.874407947,0,0.874407947,-0.485191405,0,0,0,0.999999881],"scale":1,"type":"tro_tree_2_tiny"}
{"ctxid":1,"pos":[-195.260147,-654.00769,931.938354],"rotationMatrix":[0.994000733,-0.109372944,0,0.109372944,0.994000733,0,0,0,0.999999881],"scale":1,"type":"tro_tree_2_tiny"}
{"ctxid":1,"pos":[-167.44429,-654.630005,931.531006],"rotationMatrix":[0.140077621,0.990140498,0,-0.990140498,0.140077621,0,0,0,0.999999881],"scale":1,"type":"tro_tree_2_tiny"}
{"ctxid":1,"pos":[-143.256119,-654.334595,932.66748],"rotationMatrix":[0.885477364,-0.464682192,0,0.464682192,0.885477364,0,0,0,0.999999881],"scale":1,"type":"tro_tree_2_tiny"}
{"ctxid":1,"pos":[-102.987511,-645.107849,933.365845],"rotationMatrix":[0.430309683,0.902681351,0,-0.902681351,0.430309683,0,0,0,0.999999881],"scale":1,"type":"tro_tree_2_tiny"}
{"ctxid":1,"pos":[-80.4620819,-639.435608,932.43042],"rotationMatrix":[0.528316379,0.849047601,0,-0.849047601,0.528316379,0,0,0,0.999999881],"scale":1,"type":"tro_tree_2_tiny"}
{"ctxid":1,"pos":[-66.7407913,-637.878296,933.967285],"rotationMatrix":[-0.937386632,-0.348290354,0,0.348290354,-0.937386632,0,0,0,0.999999881],"scale":1,"type":"tro_tree_2_tiny"}
{"ctxid":1,"pos":[-164.467682,-653.459961,930.915771],"rotationMatrix":[0.0897900537,0.995960653,0,-0.995960653,0.0897900537,0,0,0,0.999999881],"scale":1,"type":"tro_tree_2_tiny"}
{"ctxid":1,"pos":[-174.9785,-654.664429,931.675781],"rotationMatrix":[0.511452615,0.859311521,0,-0.859311521,0.511452615,0,0,0,0.999999881],"scale":1,"type":"tro_tree_2_tiny"}
{"ctxid":1,"pos":[-113.355301,-634.579346,929.876953],"rotationMatrix":[0.983050287,-0.183335766,0,0.183335766,0.983050287,0,0,0,0.999999881],"scale":1,"type":"tro_tree_2_tiny"}
{"ctxid":1,"pos":[-130.484787,-631.670837,931.277588],"rotationMatrix":[0.710092127,-0.704108596,0,0.704108596,0.710092127,0,0,0,0.999999881],"scale":1,"type":"tro_tree_2_tiny"}
{"ctxid":1,"pos":[-151.122498,-629.187744,932.903442],"rotationMatrix":[-0.578751385,-0.815503895,0,0.815503895,-0.578751385,0,0,0,0.999999881],"scale":1,"type":"tro_tree_2_tiny"}
{"ctxid":1,"pos":[602.097229,-121.718529,967.362671],"rotationMatrix":[-0.324812233,0.94577843,0,-0.94577843,-0.324812233,0,0,0,0.999999881],"scale":0.991888583,"type":"tro_tree_2_tiny"}
{"ctxid":1,"pos":[200.157776,-217.425247,946.529907],"rotationMatrix":[0.179379061,0.983780026,0,-0.983780026,0.179379061,0,0,0,0.999999881],"scale":0.836341918,"type":"tro_tree_2_tiny"}
{"ctxid":1,"pos":[133.763336,-341.837677,935.32251],"rotationMatrix":[0.621957064,0.783051372,0,-0.783051372,0.621957064,0,0,0,0.999999881],"scale":1.09363937,"type":"tro_tree_2_tiny"}
{"ctxid":1,"pos":[-470.44751,-590.762939,931.796509],"rotationMatrix":[-0.297831178,0.954618454,0,-0.954618454,-0.297831178,0,0,0,0.999999881],"scale":1,"type":"tro_tree_2_tiny"}
{"ctxid":1,"pos":[-9.52198219,-588.817444,934.997559],"rotationMatrix":[0.964222908,0.265092492,0,-0.265092492,0.964222908,0,0,0,0.999999881],"scale":1.2106384,"type":"tro_tree_2_tiny"}
{"ctxid":1,"pos":[1.7196846,-598.537292,934.999207],"rotationMatrix":[0.983896613,-0.178737894,0,0.178737894,0.983896613,0,0,0,0.999999881],"scale":0.823105931,"type":"tro_tree_2_tiny"}
{"ctxid":1,"pos":[-2.21208692,-600.82019,934.999207],"rotationMatrix":[-0.866846085,-0.498575717,0,0.498575717,-0.866846085,0,0,0,0.999999881],"scale":0.868641853,"type":"tro_tree_2_tiny"}
{"ctxid":1,"pos":[-5.48119736,-604.601074,934.994751],"rotationMatrix":[0.986059487,-0.166392744,0,0.166392744,0.986059487,0,0,0,0.999999881],"scale":1.21848905,"type":"tro_tree_2_tiny"}
{"ctxid":1,"pos":[826.921936,-378.157104,971.743652],"rotationMatrix":[-0.999913633,0.0131334737,0,-0.0131334737,-0.999913633,0,0,0,0.999999881],"scale":1.04046297,"type":"tro_tree_2_tiny"}
{"ctxid":1,"pos":[517.719727,0.870399177,959.457764],"rotationMatrix":[-0.0828125477,0.996565044,-0,-0.996565044,-0.0828125477,0,-0,0,0.999999881],"scale":1.16777968,"type":"tro_tree_2_tiny"}
{"ctxid":1,"pos":[510.225433,1.41749346,959.088257],"rotationMatrix":[-0.14850679,0.988911271,-0,-0.988911271,-0.14850679,0,-0,0,0.999999881],"scale":0.85734421,"type":"tro_tree_2_tiny"}
