{"ctxid":1,"pos":[-847.190613,-812.16449,924.008789],"rotationMatrix":[-0.0627589822,-0.998028636,0,0.998028636,-0.0627589822,0,0,0,0.999999881],"scale":1,"type":"tro_tree_1_filler"}
{"ctxid":1,"pos":[-829.334167,-782.205811,928.310486],"rotationMatrix":[0.996035218,-0.0889589339,0,0.0889589339,0.996035218,0,0,0,0.999999881],"scale":1,"type":"tro_tree_1_filler"}
{"ctxid":1,"pos":[-814.484009,-789.637024,924.986877],"rotationMatrix":[-0.580859065,-0.814004004,0,0.814004004,-0.580859065,0,0,0,0.999999881],"scale":1,"type":"tro_tree_1_filler"}
{"ctxid":1,"pos":[-755.497314,-767.347412,924.80127],"rotationMatrix":[-0.179133356,0.98382467,0,-0.98382467,-0.179133356,0,0,0,0.999999881],"scale":1,"type":"tro_tree_1_filler"}
{"ctxid":1,"pos":[-894.404663,-817.055359,929.63385],"rotationMatrix":[0.910381854,-0.413768917,0,0.413768917,0.910381854,0,0,0,0.999999881],"scale":1,"type":"tro_tree_1_filler"}
{"ctxid":1,"pos":[490.469025,-588.689941,940.760986],"rotationMatrix":[0.829262793,-0.558858573,0,0.558858573,0.829262793,0,0,0,0.999999881],"scale":1,"type":"tro_tree_1_filler"}
{"ctxid":1,"pos":[486.363525,-598.69696,935.37085],"rotationMatrix":[0.497226983,0.867620528,0,-0.867620528,0.497226983,0,0,0,0.999999881],"scale":1,"type":"tro_tree_1_filler"}
{"ctxid":1,"pos":[530.41095,-590.213989,925.998657],"rotationMatrix":[-0.382942438,-0.923772156,0,0.923772156,-0.382942438,0,0,0,0.999999881],"scale":1,"type":"tro_tree_1_filler"}
{"ctxid":1,"pos":[575.767456,-600.632385,925.998657],"rotationMatrix":[0.997674167,-0.068161577,0,0.068161577,0.997674167,0,0,0,0.999999881],"scale":1,"type":"tro_tree_1_filler"}
{"ctxid":1,"pos":[592.995117,-591.24646,946.130554],"rotationMatrix":[0.995366156,0.096156396,0,-0.096156396,0.995366156,0,0,0,0.999999881],"scale":1,"type":"tro_tree_1_filler"}
{"ctxid":1,"pos":[673.220093,-582.82428,947.462097],"rotationMatrix":[-0.638106763,0.769947648,0,-0.769947648,-0.638106763,0,0,0,0.999999881],"scale":1,"type":"tro_tree_1_filler"}
{"ctxid":1,"pos":[707.25354,-579.851562,949.344055],"rotationMatrix":[0.826032758,0.563622057,0,-0.563622057,0.826032758,0,0,0,0.999999881],"scale":1,"type":"tro_tree_1_filler"}
{"ctxid":1,"pos":[723.892883,-609.011047,949.723267],"rotationMatrix":[-0.872279823,0.489006847,0,-0.489006847,-0.872279823,0,0,0,0.999999881],"scale":1,"type":"tro_tree_1_filler"}
{"ctxid":1,"pos":[757.348816,-676.411865,956.348999],"rotationMatrix":[0.591147423,-0.806563318,0,0.806563318,0.591147423,0,0,0,0.999999881],"scale":1,"type":"tro_tree_1_filler"}
{"ctxid":1,"pos":[776.963806,-728.198486,962.263184],"rotationMatrix":[-0.360673815,-0.932691872,0,0.932691872,-0.360673815,0,0,0,0.999999881],"scale":1,"type":"tro_tree_1_filler"}
{"ctxid":1,"pos":[773.021118,-750.586487,963.46521],"rotationMatrix":[-0.555263698,-0.831674159,0,0.831674159,-0.555263698,0,0,0,0.999999881],"scale":1,"type":"tro_tree_1_filler"}
{"ctxid":1,"pos":[717.227295,-725.583862,960.022705],"rotationMatrix":[0.534049571,-0.845453024,0,0.845453024,0.534049571,0,0,0,0.999999881],"scale":1,"type":"tro_tree_1_filler"}
{"ctxid":1,"pos":[734.004211,-759.294189,963.392883],"rotationMatrix":[-0.365633309,0.930758893,0,-0.930758893,-0.365633309,0,0,0,0.999999881],"scale":1,"type":"tro_tree_1_filler"}
{"ctxid":1,"pos":[725.434082,-776.560913,964.990295],"rotationMatrix":[0.542960107,-0.839758337,0,0.839758337,0.542960107,0,0,0,0.999999881],"scale":1,"type":"tro_tree_1_filler"}
{"ctxid":1,"pos":[704.699951,-762.19519,963.469971],"rotationMatrix":[-0.782109141,0.623141348,0,-0.623141348,-0.782109141,0,0,0,0.999999881],"scale":1,"type":"tro_tree_1_filler"}
{"ctxid":1,"pos":[713.026489,-751.847412,962.768677],"rotationMatrix":[0.594201326,-0.804316223,0,0.804316223,0.594201326,0,0,0,0.999999881],"scale":1,"type":"tro_tree_1_filler"}
{"ctxid":1,"pos":[670.386108,-631.670837,949.08728],"rotationMatrix":[0.881426811,-0.472320497,0,0.472320497,0.881426811,0,0,0,0.999999881],"scale":1,"type":"tro_tree_1_filler"}
{"ctxid":1,"pos":[758.202637,-699.323059,958.612305],"rotationMatrix":[-0.987837613,-0.155488178,0,0.155488178,-0.987837613,0,0,0,0.999999881],"scale":1,"type":"tro_tree_1_filler"}
{"ctxid":1,"pos":[747.706543,-672.416931,956.137695],"rotationMatrix":[-0.560942709,-0.827854633,0,0.827854633,-0.560942709,0,0,0,0.999999881],"scale":1,"type":"tro_tree_1_filler"}
{"ctxid":1,"pos":[648.122498,-630.151062,947.983276],"rotationMatrix":[-0.45566833,0.890149474,0,-0.890149474,-0.45566833,0,0,0,0.999999881],"scale":1,"type":"tro_tree_1_filler"}
{"ctxid":1,"pos":[588.253662,-629.413452,947.621033],"rotationMatrix":[-0.0169300959,-0.999856651,0,0.999856651,-0.0169300959,0,0,0,0.999999881],"scale":1,"type":"tro_tree_1_filler"}
{"ctxid":1,"pos":[552.452576,-638.582703,946.736816],"rotationMatrix":[-0.114551142,-0.993417263,0,0.993417263,-0.114551142,0,0,0,0.999999881],"scale":1,"type":"tro_tree_1_filler"}
{"ctxid":1,"pos":[577.772766,-618.5354,947.807007],"rotationMatrix":[0.985929549,0.167161033,0,-0.167161033,0.985929549,0,0,0,0.999999881],"scale":1,"type":"tro_tree_1_filler"}
{"ctxid":1,"pos":[504.993958,-627.635559,943.765259],"rotationMatrix":[-0.800127983,-0.599829316,0,0.599829316,-0.800127983,0,0,0,0.999999881],"scale":1,"type":"tro_tree_1_filler"}
{"ctxid":1,"pos":[495.50824,-600.173096,925.998596],"rotationMatrix":[0.761533856,0.648125112,0,-0.648125112,0.761533856,0,0,0,0.999999881],"scale":1,"type":"tro_tree_1_filler"}
{"ctxid":1,"pos":[473.391205,-587.089111,925.998596],"rotationMatrix":[0.48115465,-0.876635551,0,0.876635551,0.48115465,0,0,0,0.999999881],"scale":1,"type":"tro_tree_1_filler"}
{"ctxid":1,"pos":[474.891785,-620.969299,942.666382],"rotationMatrix":[0.350532979,0.936550379,0,-0.936550379,0.350532979,0,0,0,0.999999881],"scale":1,"type":"tro_tree_1_filler"}
{"ctxid":1,"pos":[503.890228,-595.759888,925.998657],"rotationMatrix":[0.51570487,0.856766284,0,-0.856766284,0.51570487,0,0,0,0.999999881],"scale":1,"type":"tro_tree_1_filler"}
{"ctxid":1,"pos":[464.830841,-585.022522,925.998657],"rotationMatrix":[0.877717435,0.479178429,0,-0.479178429,0.877717435,0,0,0,0.999999881],"scale":1,"type":"tro_tree_1_filler"}
{"ctxid":1,"pos":[489.462708,-599.394897,925.998657],"rotationMatrix":[0.646116674,-0.76323849,0,0.76323849,0.646116674,0,0,0,0.999999881],"scale":1,"type":"tro_tree_1_filler"}
{"ctxid":1,"pos":[487.053223,-591.417847,925.998657],"rotationMatrix":[-0.305131048,0.952310264,0,-0.952310264,-0.305131048,0,0,0,0.999999881],"scale":1,"type":"tro_tree_1_filler"}
{"ctxid":1,"pos":[909.430786,-835.501099,966.720337],"rotationMatrix":[0.84205097,0.539397895,0,-0.539397895,0.84205097,0,0,0,0.999999881],"scale":1,"type":"tro_tree_1_filler"}
{"ctxid":1,"pos":[905.695618,-828.327393,966.140015],"rotationMatrix":[-0.975075781,-0.221872136,0,0.221872136,-0.975075781,0,0,0,0.999999881],"scale":1,"type":"tro_tree_1_filler"}
{"ctxid":1,"pos":[896.747009,-737.996033,958.609375],"rotationMatrix":[0.456127852,0.889914274,0,-0.889914274,0.456127852,0,0,0,0.999999881],"scale":1,"type":"tro_tree_1_filler"}
{"ctxid":1,"pos":[894.461548,-692.391357,956.191833],"rotationMatrix":[0.981026828,0.193871766,0,-0.193871766,0.981026828,0,0,0,0.999999881],"scale":1,"type":"tro_tree_1_filler"}
{"ctxid":1,"pos":[888.488342,-680.206665,956.267639],"rotationMatrix":[-0.678668082,-0.734444976,0,0.734444976,-0.678668082,0,0,0,0.999999881],"scale":1,"type":"tro_tree_1_filler"}
{"ctxid":1,"pos":[901.596069,-698.641479,956.016846],"rotationMatrix":[0.9529984,0.302975118,0,-0.302975118,0.9529984,0,0,0,0.999999881],"scale":1,"type":"tro_tree_1_filler"}
{"ctxid":1,"pos":[910.402466,-633.283081,957.029175],"rotationMatrix":[0.801345885,0.598201334,0,-0.598201334,0.801345885,0,0,0,0.999999881],"scale":1,"type":"tro_tree_1_filler"}
{"ctxid":1,"pos":[971.755127,-643.586853,958.193237],"rotationMatrix":[0.928892791,-0.370348603,0,0.370348603,0.928892791,0,0,0,0.999999881],"scale":1,"type":"tro_tree_1_filler"}
{"ctxid":1,"pos":[955.06488,-644.188721,958.003357],