{"ctxid":1,"pos":[-522.150269,-580.780579,931.796509],"rotationMatrix":[-0.297831178,0.954618454,0,-0.954618454,-0.297831178,0,0,0,0.999999881],"scale":1,"type":"tro_tree_2_tiny"}
{"ctxid":1,"pos":[-526.089478,-588.804565,931.581421],"rotationMatrix":[0.120068468,-0.992765486,0,0.992765486,0.120068468,0,0,0,0.999999881],"scale":1,"type":"tro_tree_2_tiny"}
{"ctxid":1,"pos":[-293.530182,-627.76001,931.147095],"rotationMatrix":[0.376146257,-0.926560223,0,0.926560223,0.376146257,0,0,0,0.999999881],"scale":1,"type":"tro_tree_2_tiny"}
{"ctxid":1,"pos":[-283.053558,-628.961304,931.261658],"rotationMatrix":[0.253173888,-0.967420757,0,0.967420757,0.253173888,0,0,0,0.999999881],"scale":1,"type":"tro_tree_2_tiny"}
{"ctxid":1,"pos":[-265.03299,-637.432312,931.511353],"rotationMatrix":[-0.512050867,-0.858955085,0,0.858955085,-0.512050867,0,0,0,0.999999881],"scale":1,"type":"tro_tree_2_tiny"}
{"ctxid":1,"pos":[-197.45369,-650.625,931.368042],"rotationMatrix":[0.897095799,0.441835999,0,-0.441835999,0.897095799,0,0,0,0.999999881],"scale":1,"type":"tro_tree_2_tiny"}
{"ctxid":1,"pos":[-275.78302,-633.091919,931.439758],"rotationMatrix":[0.972881079,-0.231305271,0,0.231305271,0.972881079,0,0,0,0.999999881],"scale":1,"type":"tro_tree_2_tiny"}
{"ctxid":1,"pos":[-269.469727,-636.970337,931.565918],"rotationMatrix":[-0.970264018,0.242048547,0,-0.242048547,-0.970264018,0,0,0,0.999999881],"scale":1,"type":"tro_tree_2_tiny"}
{"ctxid":1,"pos":[-255.079987,-638.549133,931.413513],"rotationMatrix":[-0.485191405,-0.874407947,0,0.874407947,-0.485191405,0,0,0,0.999999881],"scale":1,"type":"tro_tree_2_tiny"}
{"ctxid":1,"pos":[-195.260147,-654.00769,931.938354],"rotationMatrix":[0.994000733,-0.109372944,0,0.109372944,0.994000733,0,0,0,0.999999881],"scale":1,"type":"tro_tree_2_tiny"}
{"ctxid":1,"pos":[-167.44429,-654.630005,931.531006],"rotationMatrix":[0.140077621,0.990140498,0,-0.990140498,0.140077621,0,0,0,0.999999881],"scale":1,"type":"tro_tree_2_tiny"}
{"ctxid":1,"pos":[-143.256119,-654.334595,932.66748],"rotationMatrix":[0.885477364,-0.464682192,0,0.464682192,0.885477364,0,0,0,0.999999881],"scale":1,"type":"tro_tree_2_tiny"}
{"ctxid":1,"pos":[-102.987511,-645.107849,933.365845],"rotationMatrix":[0.430309683,0.902681351,0,-0.902681351,0.430309683,0,0,0,0.999999881],"scale":1,"type":"tro_tree_2_tiny"}
{"ctxid":1,"pos":[-80.4620819,-639.435608,932.43042],"rotationMatrix":[0.528316379,0.849047601,0,-0.849047601,0.528316379,0,0,0,0.999999881],"scale":1,"type":"tro_tree_2_tiny"}
{"ctxid":1,"pos":[-66.7407913,-637.878296,933.967285],"rotationMatrix":[-0.937386632,-0.348290354,0,0.348290354,-0.937386632,0,0,0,0.999999881],"scale":1,"type":"tro_tree_2_tiny"}
{"ctxid":1,"pos":[-164.467682,-653.459961,930.915771],"rotationMatrix":[0.0897900537,0.995960653,0,-0.995960653,0.0897900537,0,0,0,0.999999881],"scale":1,"type":"tro_tree_2_tiny"}
{"ctxid":1,"pos":[-174.9785,-654.664429,931.675781],"rotationMatrix":[0.511452615,0.859311521,0,-0.859311521,0.511452615,0,0,0,0.999999881],"scale":1,"type":"tro_tree_2_tiny"}
{"ctxid":1,"pos":[-113.355301,-634.579346,929.876953],"rotationMatrix":[0.983050287,-0.183335766,0,0.183335766,0.983050287,0,0,0,0.999999881],"scale":1,"type":"tro_tree_2_tiny"}
{"ctxid":1,"pos":[-130.484787,-631.670837,931.277588],"rotationMatrix":[0.710092127,-0.704108596,0,0.704108596,0.710092127,0,0,0,0.999999881],"scale":1,"type":"tro_tree_2_tiny"}
{"ctxid":1,"pos":[-151.122498,-629.187744,932.903442],"rotationMatrix":[-0.578751385,-0.815503895,0,0.815503895,-0.578751385,0,0,0,0.999999881],"scale":1,"type":"tro_tree_2_tiny"}
{"ctxid":1,"pos":[607.126038,-116.551651,966.228149],"rotationMatrix":[-0.0782051012,0.996937215,0,-0.996937215,-0.0782051012,0,0,0,0.999999881],"scale":0.997994959,"type":"tro_tree_2_tiny"}
{"ctxid":1,"pos":[608.020569,-122.592339,967.050171],"rotationMatrix":[0.801600754,-0.597859621,0,0.597859621,0.801600754,0,0,0,0.999999881],"scale":0.849592745,"type":"tro_tree_2_tiny"}
{"ctxid":1,"pos":[602.097229,-121.718529,967.362671],"rotationMatrix":[-0.324812233,0.94577843,0,-0.94577843,-0.324812233,0,0,0,0.999999881],"scale":0.991888583,"type":"tro_tree_2_tiny"}
{"ctxid":1,"pos":[611.795471,-127.827423,967.549561],"rotationMatrix":[0.830780208,-0.556600571,0,0.556600571,0.830780208,0,0,0,0.999999881],"scale":1.0840888,"type":"tro_tree_2_tiny"}
{"ctxid":1,"pos":[200.157776,-217.425247,946.529907],"rotationMatrix":[0.179379061,0.983780026,0,-0.983780026,0.179379061,0,0,0,0.999999881],"scale":0.836341918,"type":"tro_tree_2_tiny"}
{"ctxid":1,"pos":[133.763336,-341.837677,935.32251],"rotationMatrix":[0.621957064,0.783051372,0,-0.783051372,0.621957064,0,0,0,0.999999881],"scale":1.09363937,"type":"tro_tree_2_tiny"}
