{"ctxid":1,"pos":[-1003.59186,-1004.8941,923.20874],"rotationMatrix":[0.426269621,-0.904596031,0,0.904596031,0.426269621,0,0,0,0.999999881],"scale":1,"type":"tropical_plant_03_e"}
{"ctxid":1,"pos":[-871.805176,-868.48822,925.016296],"rotationMatrix":[-0.478011578,0.878353417,0,-0.878353417,-0.478011578,0,0,0,0.999999881],"scale":1,"type":"tropical_plant_03_e"}
{"ctxid":1,"pos":[238.142197,-216.634262,934.5354],"rotationMatrix":[0.119880289,-0.992788255,0,0.992788255,0.119880289,0,0,0,0.999999881],"scale":1,"type":"tropical_plant_03_e"}
