{"ctxid":1,"pos":[-918.531433,-811.073547,932.824646],"rotationMatrix":[0.866765559,0.498715729,0,-0.498715729,0.866765559,0,0,0,0.999999881],"scale":1,"type":"tropical_plant_01_a"}
{"ctxid":1,"pos":[-967.097168,-914.645264,930.496033],"rotationMatrix":[-0.19046931,0.981693089,0,-0.981693089,-0.19046931,0,0,0,0.999999881],"scale":1,"type":"tropical_plant_01_a"}
{"ctxid":1,"pos":[-975.920715,-1013.90747,925.005005],"rotationMatrix":[-0.599162638,-0.800627172,0,0.800627172,-0.599162638,0,0,0,0.999999881],"scale":1,"type":"tropical_plant_01_a"}
{"ctxid":1,"pos":[-888.150269,-882.994263,925.115479],"rotationMatrix":[-0.785416424,0.618967414,0,-0.618967414,-0.785416424,0,0,0,0.999999881],"scale":1,"type":"tropical_plant_01_a"}
{"ctxid":1,"pos":[-874.456787,-882.251587,925],"rotationMatrix":[-0.55826968,0.829659343,0,-0.829659343,-0.55826968,0,0,0,0.999999881],"scale":1,"type":"tropical_plant_01_a"}
{"ctxid":1,"pos":[-876.359131,-855.20105,922.99884],"rotationMatrix":[0.67459023,0.738192379,0,-0.738192379,0.67459023,0,0,0,0.999999881],"scale":1,"type":"tropical_plant_01_a"}
{"ctxid":1,"pos":[-684.125366,-762.066589,926.69574],"rotationMatrix":[0.494501263,-0.869176805,0,0.869176805,0.494501263,0,0,0,0.999999881],"scale":1,"type":"tropical_plant_01_a"}
{"ctxid":1,"pos":[-273.085236,-636.905029,931.502075],"rotationMatrix":[-0.355831087,-0.934550166,0,0.934550166,-0.355831087,0,0,0,0.999999881],"scale":1,"type":"tropical_plant_01_a"}
{"ctxid":1,"pos":[-260.069244,-635.841919,931.020569],"rotationMatrix":[-0.697362244,-0.716718614,0,0.716718614,-0.697362244,0,0,0,0.999999881],"scale":1,"type":"tropical_plant_01_a"}
{"ctxid":1,"pos":[-133.603668,-652.201599,932.805908],"rotationMatrix":[0.991963327,-0.126525208,0,0.126525208,0.991963327,0,0,0,0.999999881],"scale":1,"type":"tropical_plant_01_a"}
{"ctxid":1,"pos":[192.078156,-276.070831,928.938477],"rotationMatrix":[-0.527254939,0.849706948,0,-0.849706948,-0.527254939,0,0,0,0.999999881],"scale":1,"type":"tropical_plant_01_a"}
